layer,sequences,time_us
lm_head,1,1722.65
lm_head,2,1754.9
lm_head,3,1759.53
lm_head,4,1763.1
lm_head,5,1781.03
lm_head,6,1779.17
lm_head,7,1783.18
lm_head,8,1789.31
lm_head,9,1786.33
lm_head,10,1791.24
lm_head,11,1796.57
lm_head,12,1795.84
lm_head,13,1796.62
lm_head,14,1808.93
lm_head,15,1806.33
lm_head,16,1803.16
lm_head,20,1815.11
lm_head,24,1825.37
lm_head,28,1830.77
lm_head,32,1838.62
lm_head,36,1850.31
lm_head,40,1858
lm_head,44,1865.11
lm_head,48,1874.31
lm_head,52,1879.23
lm_head,56,1889.74
lm_head,60,1913.53
lm_head,64,1926.86
lm_head,80,1858.25
lm_head,96,1868.98
lm_head,112,1879.69
lm_head,128,1884.83
lm_head,144,3099.21
lm_head,160,3174.9
lm_head,176,3199.71
lm_head,192,3242.69
lm_head,208,3149.65
lm_head,224,3178.15
lm_head,240,3176.27
lm_head,256,3197.28
sampler,1,44.3627
sampler,2,46.1763
sampler,3,48.3093
sampler,4,48.4477
sampler,5,50.7733
sampler,6,50.709
sampler,7,53.8883
sampler,8,54.304
sampler,9,59.4567
sampler,10,66.656
sampler,11,67.7653
sampler,12,70.2613
sampler,13,71.296
sampler,14,74.4637
sampler,15,75.765
sampler,16,77.1317
sampler,20,84.608
sampler,24,92.427
sampler,28,99.296
sampler,32,105.622
sampler,36,112.576
sampler,40,119.435
sampler,44,127.349
sampler,48,134.763
sampler,52,143.072
sampler,56,150.9
sampler,60,160.949
sampler,64,168.789
sampler,80,213.514
sampler,96,248.778
sampler,112,285.557
sampler,128,322.539
sampler,144,359.786
sampler,160,423.274
sampler,176,449.632
sampler,192,480.576
sampler,208,518.495
sampler,224,554.059
sampler,240,590.144
sampler,256,626.474
