instance id,request id,model,input,output,arrival,end_time,latency,queuing_delay,TTFT,TPOT,ITL
0,0,Qwen/Qwen3-30B-A3B-Instruct-2507,1472,133,4059740,1082836204,1078776464,0,51162321,7784955,"[7780422, 7779379, 7779523, 7779667, 7779811, 7779955, 7780099, 7780243, 7780387, 7780531, 7780675, 7780819, 7780963, 7781107, 7781203, 7781347, 7781491, 7781635, 7781731, 7781875, 7781971, 7782115, 7782259, 7782355, 7782451, 7782595, 7782691, 7782835, 7782931, 7783027, 7783171, 7783267, 7783363, 7783459, 7783555, 7783651, 7783795, 7783891, 7783987, 7784083, 7784179, 7784275, 7784323, 7784419, 7784515, 7784611, 7784707, 7784755, 7784851, 7784947, 7784995, 7785091, 7785187, 7785235, 7785331, 7785379, 7785475, 7785523, 7785571, 7785667, 7785715, 7785763, 7785859, 7785907, 7785955, 7786003, 7786051, 7786147, 7786195, 7786243, 7786291, 7786339, 7786387, 7786435, 7786435, 7786483, 7786531, 7786579, 7786627, 7786627, 7786675, 7786723, 7786723, 7786771, 7786819, 7786819, 7786867, 7786867, 7786915, 7786915, 7786915, 7786963, 7786963, 7786963, 7787011, 7787011, 7787011, 7787011, 7787011, 7787011, 7787011, 7787011, 7787011, 7787011, 7787011, 7787011, 7787011, 7787011, 7787011, 7787011, 7786963, 7786963, 7786963, 7786915, 7786915, 7786915, 7786867, 7786867, 7786819, 7786819, 7786771, 7786771, 7786723, 7786675, 7786675, 7786627, 7786579, 7786531, 7786483, 7786483, 7786435, 7786387]"
0,2,Qwen/Qwen3-30B-A3B-Instruct-2507,1734,77,2352429689,2957303361,604873672,651233,15341124,7757007,"[7767571, 7767283, 7767043, 7766803, 7766563, 7766323, 7766083, 7765795, 7765555, 7765315, 7765027, 7764787, 7764547, 7764259, 7764019, 7763731, 7763491, 7763203, 7762915, 7762675, 7762387, 7762099, 7761859, 7761571, 7761283, 7760995, 7760707, 7760419, 7760131, 7759843, 7759555, 7759267, 7758979, 7758691, 7758403, 7758115, 7757827, 7757539, 7757203, 7756915, 7756627, 7756291, 7756003, 7755715, 7755379, 7755091, 7754755, 7754467, 7754131, 7753843, 7753507, 7753171, 7752883, 7752547, 7752211, 7751875, 7751587, 7751251, 7750915, 7750579, 7750243, 7749907, 7749571, 7749235, 7748899, 7748563, 7748227, 7747891, 7747507, 7747171, 7746835, 7746499, 7746115, 7745779, 7745443, 7745059]"
0,4,Qwen/Qwen3-30B-A3B-Instruct-2507,4922,822,4614152048,11915303805,7301151757,52653368,91577630,8781454,"[8545075, 8545795, 8546467, 8547187, 8547907, 8548579, 8549299, 8549971, 8550691, 8551363, 8552083, 8552803, 8553475, 8554195, 8554867, 8555587, 8556259, 8556979, 8557651, 8558371, 8559043, 8559715, 8560435, 8561107, 8561827, 8562499, 8563219, 8563891, 8564563, 8565283, 8565955, 8566627, 8567347, 8568019, 8568691, 8569411, 8570083, 8570755, 8571475, 8572147, 8572819, 8573491, 8574211, 8574883, 8575555, 8576227, 8576899, 8577619, 8578291, 8578963, 8579635, 8580307, 8580979, 8581699, 8582371, 8583043, 8583715, 8584387, 8585059, 8585731, 8586403, 8587075, 8587747, 8588419, 8589091, 8589763, 8590435, 8591107, 8591779, 8592451, 8593123, 8593795, 8594467, 8595139, 8595811, 8596483, 8597155, 8597827, 8598499, 8599171, 8599843, 8600467, 8601139, 8601811, 8602483, 8603155, 8603827, 8604451, 8605123, 8605795, 8606467, 8607139, 8607763, 8608435, 8609107, 8609779, 8610403, 8611075, 8611747, 8612371, 8613043, 8613715, 8614339, 8615011, 8615683, 8616307, 8616979, 8617651, 8618275, 8618947, 8619571, 8620243, 8620915, 8621539, 8622211, 8622835, 8623507, 8624131, 8624803, 8625427, 8626099, 8626723, 8627395, 8628019, 8628691, 8629315, 8629987, 8630611, 8631235, 8631907, 8632531, 8633203, 8633827, 8634451, 8635123, 8635747, 8636371, 8637043, 8637667, 8638291, 8638963, 8639587, 8640211, 8640835, 8641507, 8642131, 8642755, 8643379, 8644051, 8644675, 8645299, 8645923, 8646547, 8647219, 8647843, 8648467, 8649091, 8649715, 8650339, 8650963, 8651635, 8652259, 8652883, 8653507, 8654131, 8654755, 8655379, 8656003, 8656627, 8657251, 8657875, 8658499, 8659123, 8659747, 8660371, 8660995, 8661619, 8662243, 8662867, 8663491, 8664115, 8664739, 8665315, 8665939, 8666563, 8667187, 8667811, 8668435, 8669059, 8669635, 8670259, 8670883, 8671507, 8672131, 8672707, 8673331, 8673955, 8674579, 8675155, 8675779, 8676403, 8677027, 8677603, 8678227, 8678851, 8679427, 8680051, 8680675, 8681251, 8681875, 8682499, 8683075, 8683699, 8684275, 8684899, 8685523, 8686099, 8686723, 8687299, 8687923, 8688499, 8689123, 8689699, 8690323, 8690899, 8691523, 8692099, 8692723, 8693299, 8693923, 8694499, 8695123, 8695699, 8696275, 8696899, 8697475, 8698099, 8698675, 8699251, 8699875, 8700451, 8701027, 8701651, 8702227, 8702803, 8703427, 8704003, 8704579, 8705155, 8705779, 8706355, 8706931, 8707507, 8708083, 8708707, 8709283, 8709859, 8710435, 8711011, 8711635, 8712211, 8712787, 8713363, 8713939, 8714515, 8715091, 8715667, 8716243, 8716867, 8717443, 8718019, 8718595, 8719171, 8719747, 8720323, 8720899, 8721475, 8722051, 8722627, 8723203, 8723779, 8724355, 8724883, 8725459, 8726035, 8726611, 8727187, 8727763, 8728339, 8728915, 8729491, 8730019, 8730595, 8731171, 8731747, 8732323, 8732899, 8733427, 8734003, 8734579, 8735155, 8735683, 8736259, 8736835, 8737411, 8737939, 8738515, 8739091, 8739619, 8740195, 8740771, 8741299, 8741875, 8742451, 8742979, 8743555, 8744083, 8744659, 8745235, 8745763, 8746339, 8746867, 8747443, 8747971, 8748547, 8749123, 8749651, 8750227, 8750755, 8751331, 8751859, 8752387, 8752963, 8753491, 8754067, 8754595, 8755171, 8755699, 8756227, 8756803, 8757331, 8757907, 8758435, 8758963, 8759539, 8760067, 8760595, 8761171, 8761699, 8762227, 8762755, 8763331, 8763859, 8764387, 8764915, 8765491, 8766019, 8766547, 8767075, 8767651, 8768179, 8768707, 8769235, 8769763, 8770291, 8770819, 8771395, 8771923, 8772451, 8772979, 8773507, 8774035, 8774563, 8775091, 8775619, 8776147, 8776675, 8777203, 8777731, 8778259, 8778787, 8779315, 8779843, 8780371, 8780899, 8781427, 8781955, 8782483, 8783011, 8783539, 8784067, 8784595, 8785075, 8785603, 8786131, 8786659, 8787187, 8787715, 8788243, 8788723, 8789251, 8789779, 8790307, 8790835, 8791315, 8791843, 8792371, 8792851, 8793379, 8793907, 8794435, 8794915, 8795443, 8795971, 8796451, 8796979, 8797507, 8797987, 8798515, 8799043, 8799523, 8800051, 8800531, 8801059, 8801539, 8802067, 8802595, 8803075, 8803603, 8804083, 8804611, 8805091, 8805619, 8806099, 8806627, 8807107, 8807635, 8808115, 8808595, 8809123, 8809603, 8810131, 8810611, 8811091, 8811619, 8812099, 8812627, 8813107, 8813587, 8814115, 8814595, 8815075, 8815555, 8816083, 8816563, 8817043, 8817571, 8818051, 8818531, 8819011, 8819539, 8820019, 8820499, 8820979, 8821459, 8821939, 8822467, 8822947, 8823427, 8823907, 8824387, 8824867, 8825347, 8825875, 8826355, 8826835, 8827315, 8827795, 8828275, 8828755, 8829235, 8829715, 8830195, 8830675, 8831155, 8831635, 8832115, 8832595, 8833075, 8833555, 8834035, 8834515, 8834995, 8835427, 8835907, 8836387, 8836867, 8837347, 8837827, 8838307, 8838787, 8839219, 8839699, 8840179, 8840659, 8841139, 8841571, 8842051, 8842531, 8843011, 8843443, 8843923, 8844403, 8844883, 8845315, 8845795, 8846275, 8846707, 8847187, 8847667, 8848099, 8848579, 8849059, 8849491, 8849971, 8850403, 8850883, 8851363, 8851795, 8852275, 8852707, 8853187, 8853619, 8854099, 8854531, 8855011, 8855443, 8855923, 8856355, 8856835, 8857267, 8857747, 8858179, 8858611, 8859091, 8859523, 8860003, 8860435, 8860867, 8861347, 8861779, 8862259, 8862691, 8863123, 8863555, 8864035, 8864467, 8864899, 8865379, 8865811, 8866243, 8866675, 8867155, 8867587, 8868019, 8868451, 8868931, 8869363, 8869795, 8870227, 8870659, 8871091, 8871571, 8872003, 8872435, 8872867, 8873299, 8873731, 8874163, 8874595, 8875027, 8875459, 8875939, 8876371, 8876803, 8877235, 8877667, 8878099, 8878531, 8878963, 8879395, 8879827, 8880211, 8880643, 8881075, 8881507, 8881939, 8882371, 8882803, 8883235, 8883667, 8884099, 8884483, 8884915, 8885347, 8885779, 8886211, 8886643, 8887027, 8887459, 8887891, 8888323, 8888755, 8889139, 8889571, 8890003, 8890387, 8890819, 8891251, 8891683, 8892067, 8892499, 8892931, 8893315, 8893747, 8894179, 8894563, 8894995, 8895379, 8895811, 8896243, 8896627, 8897059, 8897443, 8897875, 8898259, 8898691, 8899075, 8899507, 8899891, 8900323, 8900707, 8901139, 8901523, 8901955, 8902339, 8902771, 8903155, 8903539, 8903971, 8904355, 8904787, 8905171, 8905555, 8905987, 8906371, 8906755, 8907187, 8907571, 8907955, 8908387, 8908771, 8909155, 8909587, 8909971, 8910355, 8910739, 8911171, 8911555, 8911939, 8912323, 8912707, 8913139, 8913523, 8913907, 8914291, 8914675, 8915059, 8915443, 8915875, 8916259, 8916643, 8917027, 8917411, 8917795, 8918179, 8918563, 8918947, 8919331, 8919715, 8920099, 8920483, 8920867, 8921251, 8921635, 8922019, 8922403, 8922787, 8923171, 8923555, 8923939, 8924323, 8924707, 8925043, 8925427, 8925811, 8926195, 8926579, 8926963, 8927347, 8927683, 8928067, 8928451, 8928835, 8929219, 8929555, 8929939, 8930323, 8930707, 8931043, 8931427, 8931811, 8932147, 8932531, 8932915, 8933299, 8933635, 8934019, 8934403, 8934739, 8935123, 8935459, 8935843, 8936227, 8936563, 8936947, 8937283, 8937667, 8938003, 8938387, 8938771, 8939107, 8939491, 8939827, 8940211, 8940547, 8940883, 8941267, 8941603, 8941987, 8942323, 8942707, 8943043, 8943427, 8943763, 8944099, 8944483, 8944819, 8945155, 8945539, 8945875, 8946211, 8946595, 8946931, 8947267, 8947651, 8947987, 8948323, 8948659, 8949043, 8949379, 8949715, 8950051, 8950435, 8950771, 8951107, 8951443, 8951779, 8952163, 8952499, 8952835, 8953171, 8953507, 8953843, 8954179, 8954515, 8954851, 8955235, 8955571, 8955907, 8956243, 8956579, 8956915, 8957251, 8957587, 8957923, 8958259, 8958595, 8958931, 8959267, 8959603, 8959939, 8960275, 8960611, 8960899, 8961235, 8961571, 8961907, 8962243, 8962579, 8962915, 8963251, 8963539, 8963875, 8964211, 8964547, 8964883, 8965171, 8965507, 8965843, 8966179]"
0,6,Qwen/Qwen3-30B-A3B-Instruct-2507,6126,390,13210814359,16774250354,3563435995,998041,33808124,9073593,"[9056659, 9056803, 9056947, 9057091, 9057235, 9057379, 9057523, 9057667, 9057811, 9057955, 9058099, 9058243, 9058387, 9058531, 9058675, 9058819, 9058963, 9059107, 9059251, 9059395, 9059491, 9059635, 9059779, 9059923, 9060067, 9060211, 9060307, 9060451, 9060595, 9060739, 9060883, 9060979, 9061123, 9061267, 9061411, 9061507, 9061651, 9061795, 9061939, 9062035, 9062179, 9062323, 9062419, 9062563, 9062707, 9062803, 9062947, 9063043, 9063187, 9063331, 9063427, 9063571, 9063667, 9063811, 9063907, 9064051, 9064195, 9064291, 9064435, 9064531, 9064675, 9064771, 9064915, 9065011, 9065107, 9065251, 9065347, 9065491, 9065587, 9065731, 9065827, 9065923, 9066067, 9066163, 9066259, 9066403, 9066499, 9066595, 9066739, 9066835, 9066931, 9067075, 9067171, 9067267, 9067363, 9067507, 9067603, 9067699, 9067795, 9067939, 9068035, 9068131, 9068227, 9068323, 9068467, 9068563, 9068659, 9068755, 9068851, 9068947, 9069043, 9069139, 9069283, 9069379, 9069475, 9069571, 9069667, 9069763, 9069859, 9069955, 9070051, 9070147, 9070243, 9070339, 9070435, 9070531, 9070627, 9070723, 9070819, 9070915, 9070963, 9071059, 9071155, 9071251, 9071347, 9071443, 9071539, 9071635, 9071683, 9071779, 9071875, 9071971, 9072067, 9072115, 9072211, 9072307, 9072403, 9072499, 9072547, 9072643, 9072739, 9072787, 9072883, 9072979, 9073075, 9073123, 9073219, 9073315, 9073363, 9073459, 9073507, 9073603, 9073699, 9073747, 9073843, 9073891, 9073987, 9074083, 9074131, 9074227, 9074275, 9074371, 9074419, 9074515, 9074563, 9074659, 9074707, 9074803, 9074851, 9074899, 9074995, 9075043, 9075139, 9075187, 9075283, 9075331, 9075379, 9075475, 9075523, 9075571, 9075667, 9075715, 9075763, 9075859, 9075907, 9075955, 9076051, 9076099, 9076147, 9076195, 9076291, 9076339, 9076387, 9076435, 9076483, 9076579, 9076627, 9076675, 9076723, 9076771, 9076819, 9076915, 9076963, 9077011, 9077059, 9077107, 9077155, 9077203, 9077251, 9077299, 9077347, 9077395, 9077443, 9077491, 9077539, 9077587, 9077635, 9077683, 9077731, 9077779, 9077827, 9077875, 9077923, 9077971, 9078019, 9078067, 9078115, 9078163, 9078211, 9078211, 9078259, 9078307, 9078355, 9078403, 9078451, 9078451, 9078499, 9078547, 9078595, 9078643, 9078643, 9078691, 9078739, 9078787, 9078787, 9078835, 9078883, 9078883, 9078931, 9078979, 9078979, 9079027, 9079075, 9079075, 9079123, 9079171, 9079171, 9079219, 9079219, 9079267, 9079315, 9079315, 9079363, 9079363, 9079411, 9079411, 9079459, 9079459, 9079507, 9079507, 9079555, 9079555, 9079603, 9079603, 9079651, 9079651, 9079651, 9079699, 9079699, 9079747, 9079747, 9079747, 9079795, 9079795, 9079795, 9079843, 9079843, 9079843, 9079891, 9079891, 9079891, 9079891, 9079939, 9079939, 9079939, 9079939, 9079987, 9079987, 9079987, 9079987, 9079987, 9080035, 9080035, 9080035, 9080035, 9080035, 9080035, 9080035, 9080083, 9080083, 9080083, 9080083, 9080083, 9080083, 9080083, 9080083, 9080083, 9080083, 9080083, 9080083, 9080083, 9080083, 9080083, 9080083, 9080083, 9080083, 9080083, 9080083, 9080083, 9080083, 9080035, 9080035, 9080035, 9080035, 9080035, 9080035, 9080035, 9079987, 9079987, 9079987, 9079987, 9079987, 9079939, 9079939, 9079939, 9079939, 9079891, 9079891, 9079891, 9079891, 9079843, 9079843, 9079843, 9079795, 9079795, 9079795, 9079747, 9079747, 9079747, 9079699, 9079699, 9079651, 9079651, 9079651, 9079603, 9079603, 9079555, 9079555, 9079507, 9079507, 9079459, 9079459, 9079411, 9079411, 9079363, 9079363, 9079315, 9079315, 9079267, 9079267, 9079219, 9079171, 9079171, 9079123, 9079075, 9079075, 9079027, 9079027, 9078979]"
0,8,Qwen/Qwen3-30B-A3B-Instruct-2507,7003,381,18169676267,21610130780,3440454513,118746,40131517,8948218,"[9008131, 9007843, 9007603, 9007363, 9007075, 9006835, 9006547, 9006307, 9006067, 9005779, 9005539, 9005251, 9005011, 9004723, 9004483, 9004195, 9003955, 9003667, 9003427, 9003139, 9002899, 9002611, 9002323, 9002083, 9001795, 9001555, 9001267, 9000979, 9000739, 9000451, 9000163, 8999923, 8999635, 8999347, 8999107, 8998819, 8998531, 8998291, 8998003, 8997715, 8997427, 8997187, 8996899, 8996611, 8996323, 8996035, 8995795, 8995507, 8995219, 8994931, 8994643, 8994403, 8994115, 8993827, 8993539, 8993251, 8992963, 8992675, 8992387, 8992099, 8991811, 8991523, 8991235, 8990947, 8990707, 8990419, 8990131, 8989843, 8989507, 8989219, 8988931, 8988643, 8988355, 8988067, 8987779, 8987491, 8987203, 8986915, 8986627, 8986339, 8986051, 8985715, 8985427, 8985139, 8984851, 8984563, 8984275, 8983939, 8983651, 8983363, 8983075, 8982739, 8982451, 8982163, 8981875, 8981539, 8981251, 8980963, 8980627, 8980339, 8980051, 8979715, 8979427, 8979139, 8978803, 8978515, 8978227, 8977891, 8977603, 8977267, 8976979, 8976691, 8976355, 8976067, 8975731, 8975443, 8975107, 8974819, 8974483, 8974195, 8973859, 8973571, 8973235, 8972947, 8972611, 8972323, 8971987, 8971651, 8971363, 8971027, 8970739, 8970403, 8970067, 8969779, 8969443, 8969107, 8968819, 8968483, 8968147, 8967859, 8967523, 8967187, 8966851, 8966563, 8966227, 8965891, 8965555, 8965267, 8964931, 8964595, 8964259, 8963923, 8963635, 8963299, 8962963, 8962627, 8962291, 8961955, 8961619, 8961331, 8960995, 8960659, 8960323, 8959987, 8959651, 8959315, 8958979, 8958643, 8958307, 8957971, 8957635, 8957299, 8956963, 8956627, 8956291, 8955955, 8955619, 8955283, 8954947, 8954611, 8954275, 8953891, 8953555, 8953219, 8952883, 8952547, 8952211, 8951875, 8951491, 8951155, 8950819, 8950483, 8950147, 8949763, 8949427, 8949091, 8948755, 8948371, 8948035, 8947699, 8947363, 8946979, 8946643, 8946307, 8945923, 8945587, 8945251, 8944867, 8944531, 8944195, 8943811, 8943475, 8943091, 8942755, 8942419, 8942035, 8941699, 8941315, 8940979, 8940595, 8940259, 8939875, 8939539, 8939155, 8938819, 8938435, 8938099, 8937715, 8937379, 8936995, 8936659, 8936275, 8935891, 8935555, 8935171, 8934835, 8934451, 8934067, 8933731, 8933347, 8932963, 8932627, 8932243, 8931859, 8931475, 8931139, 8930755, 8930371, 8930035, 8929651, 8929267, 8928883, 8928499, 8928163, 8927779, 8927395, 8927011, 8926627, 8926243, 8925907, 8925523, 8925139, 8924755, 8924371, 8923987, 8923603, 8923219, 8922835, 8922499, 8922115, 8921731, 8921347, 8920963, 8920579, 8920195, 8919811, 8919427, 8919043, 8918659, 8918275, 8917843, 8917459, 8917075, 8916691, 8916307, 8915923, 8915539, 8915155, 8914771, 8914387, 8913955, 8913571, 8913187, 8912803, 8912419, 8911987, 8911603, 8911219, 8910835, 8910451, 8910019, 8909635, 8909251, 8908819, 8908435, 8908051, 8907667, 8907235, 8906851, 8906467, 8906035, 8905651, 8905267, 8904835, 8904451, 8904019, 8903635, 8903251, 8902819, 8902435, 8902003, 8901619, 8901187, 8900803, 8900371, 8899987, 8899555, 8899171, 8898739, 8898355, 8897923, 8897539, 8897107, 8896723, 8896291, 8895907, 8895475, 8895043, 8894659, 8894227, 8893795, 8893411, 8892979, 8892547, 8892163, 8891731, 8891299, 8890915, 8890483, 8890051, 8889667, 8889235, 8888803, 8888371, 8887987, 8887555, 8887123, 8886691, 8886259, 8885875, 8885443, 8885011, 8884579, 8884147, 8883715, 8883283, 8882899, 8882467, 8882035, 8881603, 8881171, 8880739, 8880307, 8879875, 8879443, 8879011, 8878579, 8878147, 8877715, 8877283]"
0,10,Qwen/Qwen3-30B-A3B-Instruct-2507,7841,62,22754716072,23322025831,567309759,425605,42071432,8610464,"[8630083, 8629411, 8628787, 8628163, 8627491, 8626867, 8626195, 8625571, 8624899, 8624275, 8623603, 8622979, 8622307, 8621683, 8621011, 8620339, 8619715, 8619043, 8618419, 8617747, 8617075, 8616451, 8615779, 8615155, 8614483, 8613811, 8613187, 8612515, 8611843, 8611171, 8610547, 8609875, 8609203, 8608579, 8607907, 8607235, 8606563, 8605891, 8605267, 8604595, 8603923, 8603251, 8602579, 8601955, 8601283, 8600611, 8599939, 8599267, 8598595, 8597923, 8597251, 8596627, 8595955, 8595283, 8594611, 8593939, 8593267, 8592595, 8591923, 8591251, 8590579]"
0,12,Qwen/Qwen3-30B-A3B-Instruct-2507,8004,60,23981733374,24503967624,522234250,756598,20866793,8497753,"[8518867, 8518147, 8517427, 8516707, 8515987, 8515267, 8514547, 8513827, 8513107, 8512387, 8511667, 8510947, 8510227, 8509507, 8508787, 8508019, 8507299, 8506579, 8505859, 8505139, 8504419, 8503651, 8502931, 8502211, 8501491, 8500771, 8500003, 8499283, 8498563, 8497843, 8497075, 8496355, 8495635, 8494867, 8494147, 8493427, 8492659, 8491939, 8491219, 8490451, 8489731, 8489011, 8488243, 8487523, 8486755, 8486035, 8485315, 8484547, 8483827, 8483059, 8482339, 8481571, 8480851, 8480083, 8479363, 8478595, 8477875, 8477107, 8476387]"
0,14,Qwen/Qwen3-30B-A3B-Instruct-2507,10472,888,25343306098,34566141006,9222834908,87490244,121486791,10260820,"[10076179, 10076659, 10077187, 10077667, 10078147, 10078627, 10079107, 10079587, 10080067, 10080547, 10081027, 10081507, 10081987, 10082467, 10082947, 10083427, 10083907, 10084387, 10084867, 10085347, 10085827, 10086307, 10086787, 10087267, 10087747, 10088227, 10088707, 10089187, 10089667, 10090147, 10090627, 10091107, 10091587, 10092067, 10092547, 10093027, 10093507, 10093987, 10094467, 10094899, 10095379, 10095859, 10096339, 10096819, 10097299, 10097779, 10098259, 10098739, 10099171, 10099651, 10100131, 10100611, 10101091, 10101571, 10102051, 10102483, 10102963, 10103443, 10103923, 10104403, 10104835, 10105315, 10105795, 10106275, 10106755, 10107187, 10107667, 10108147, 10108627, 10109107, 10109539, 10110019, 10110499, 10110979, 10111411, 10111891, 10112371, 10112803, 10113283, 10113763, 10114243, 10114675, 10115155, 10115635, 10116067, 10116547, 10117027, 10117507, 10117939, 10118419, 10118899, 10119331, 10119811, 10120291, 10120723, 10121203, 10121635, 10122115, 10122595, 10123027, 10123507, 10123987, 10124419, 10124899, 10125331, 10125811, 10126291, 10126723, 10127203, 10127635, 10128115, 10128547, 10129027, 10129507, 10129939, 10130419, 10130851, 10131331, 10131763, 10132243, 10132675, 10133155, 10133587, 10134067, 10134499, 10134979, 10135411, 10135891, 10136323, 10136803, 10137235, 10137715, 10138147, 10138627, 10139059, 10139539, 10139971, 10140403, 10140883, 10141315, 10141795, 10142227, 10142707, 10143139, 10143571, 10144051, 10144483, 10144963, 10145395, 10145827, 10146307, 10146739, 10147219, 10147651, 10148083, 10148563, 10148995, 10149427, 10149907, 10150339, 10150771, 10151251, 10151683, 10152115, 10152595, 10153027, 10153459, 10153939, 10154371, 10154803, 10155235, 10155715, 10156147, 10156579, 10157011, 10157491, 10157923, 10158355, 10158787, 10159267, 10159699, 10160131, 10160563, 10161043, 10161475, 10161907, 10162339, 10162771, 10163251, 10163683, 10164115, 10164547, 10164979, 10165459, 10165891, 10166323, 10166755, 10167187, 10167619, 10168099, 10168531, 10168963, 10169395, 10169827, 10170259, 10170691, 10171123, 10171603, 10172035, 10172467, 10172899, 10173331, 10173763, 10174195, 10174627, 10175059, 10175491, 10175923, 10176355, 10176787, 10177267, 10177699, 10178131, 10178563, 10178995, 10179427, 10179859, 10180291, 10180723, 10181155, 10181587, 10182019, 10182451, 10182883, 10183315, 10183747, 10184179, 10184611, 10185043, 10185427, 10185859, 10186291, 10186723, 10187155, 10187587, 10188019, 10188451, 10188883, 10189315, 10189747, 10190179, 10190611, 10190995, 10191427, 10191859, 10192291, 10192723, 10193155, 10193587, 10194019, 10194403, 10194835, 10195267, 10195699, 10196131, 10196563, 10196947, 10197379, 10197811, 10198243, 10198675, 10199059, 10199491, 10199923, 10200355, 10200787, 10201171, 10201603, 10202035, 10202467, 10202899, 10203283, 10203715, 10204147, 10204531, 10204963, 10205395, 10205827, 10206211, 10206643, 10207075, 10207507, 10207891, 10208323, 10208755, 10209139, 10209571, 10210003, 10210387, 10210819, 10211251, 10211635, 10212067, 10212499, 10212883, 10213315, 10213747, 10214131, 10214563, 10214947, 10215379, 10215811, 10216195, 10216627, 10217011, 10217443, 10217875, 10218259, 10218691, 10219075, 10219507, 10219939, 10220323, 10220755, 10221139, 10221571, 10221955, 10222387, 10222771, 10223203, 10223587, 10224019, 10224403, 10224835, 10225219, 10225651, 10226035, 10226467, 10226851, 10227283, 10227667, 10228099, 10228483, 10228915, 10229299, 10229731, 10230115, 10230499, 10230931, 10231315, 10231747, 10232131, 10232563, 10232947, 10233331, 10233763, 10234147, 10234579, 10234963, 10235347, 10235779, 10236163, 10236547, 10236979, 10237363, 10237795, 10238179, 10238563, 10238995, 10239379, 10239763, 10240195, 10240579, 10240963, 10241395, 10241779, 10242163, 10242547, 10242979, 10243363, 10243747, 10244179, 10244563, 10244947, 10245331, 10245763, 10246147, 10246531, 10246915, 10247347, 10247731, 10248115, 10248499, 10248883, 10249315, 10249699, 10250083, 10250467, 10250899, 10251283, 10251667, 10252051, 10252435, 10252819, 10253251, 10253635, 10254019, 10254403, 10254787, 10255171, 10255555, 10255987, 10256371, 10256755, 10257139, 10257523, 10257907, 10258291, 10258675, 10259059, 10259491, 10259875, 10260259, 10260643, 10261027, 10261411, 10261795, 10262179, 10262563, 10262947, 10263331, 10263715, 10264099, 10264483, 10264867, 10265251, 10265635, 10266019, 10266403, 10266787, 10267171, 10267555, 10267939, 10268323, 10268707, 10269091, 10269475, 10269859, 10270243, 10270627, 10271011, 10271395, 10271779, 10272163, 10272547, 10272931, 10273315, 10273699, 10274035, 10274419, 10274803, 10275187, 10275571, 10275955, 10276339, 10276723, 10277107, 10277443, 10277827, 10278211, 10278595, 10278979, 10279363, 10279747, 10280083, 10280467, 10280851, 10281235, 10281619, 10281955, 10282339, 10282723, 10283107, 10283491, 10283827, 10284211, 10284595, 10284979, 10285315, 10285699, 10286083, 10286467, 10286851, 10287187, 10287571, 10287955, 10288291, 10288675, 10289059, 10289443, 10289779, 10290163, 10290547, 10290883, 10291267, 10291651, 10291987, 10292371, 10292755, 10293091, 10293475, 10293859, 10294195, 10294579, 10294963, 10295299, 10295683, 10296067, 10296403, 10296787, 10297123, 10297507, 10297891, 10298227, 10298611, 10298947, 10299331, 10299715, 10300051, 10300435, 10300771, 10301155, 10301491, 10301875, 10302259, 10302595, 10302979, 10303315, 10303699, 10304035, 10304419, 10304755, 10305139, 10305475, 10305859, 10306195, 10306579, 10306915, 10307299, 10307635, 10308019, 10308355, 10308739, 10309075, 10309411, 10309795, 10310131, 10310515, 10310851, 10311235, 10311571, 10311907, 10312291, 10312627, 10313011, 10313347, 10313683, 10314067, 10314403, 10314787, 10315123, 10315459, 10315843, 10316179, 10316515, 10316899, 10317235, 10317571, 10317955, 10318291, 10318627, 10319011, 10319347, 10319683, 10320067, 10320403, 10320739, 10321123, 10321459, 10321795, 10322131, 10322515, 10322851, 10323187, 10323571, 10323907, 10324243, 10324579, 10324915, 10325299, 10325635, 10325971, 10326307, 10326691, 10327027, 10327363, 10327699, 10328035, 10328419, 10328755, 10329091, 10329427, 10329763, 10330147, 10330483, 10330819, 10331155, 10331491, 10331827, 10332163, 10332547, 10332883, 10333219, 10333555, 10333891, 10334227, 10334563, 10334899, 10335235, 10335619, 10335955, 10336291, 10336627, 10336963, 10337299, 10337635, 10337971, 10338307, 10338643, 10338979, 10339315, 10339651, 10339987, 10340323, 10340659, 10340995, 10341331, 10341667, 10342003, 10342339, 10342675, 10343011, 10343347, 10343683, 10344019, 10344355, 10344691, 10345027, 10345363, 10345699, 10346035, 10346371, 10346707, 10347043, 10347379, 10347715, 10348051, 10348339, 10348675, 10349011, 10349347, 10349683, 10350019, 10350355, 10350691, 10351027, 10351315, 10351651, 10351987, 10352323, 10352659, 10352995, 10353331, 10353619, 10353955, 10354291, 10354627, 10354963, 10355251, 10355587, 10355923, 10356259, 10356595, 10356883, 10357219, 10357555, 10357891, 10358227, 10358515, 10358851, 10359187, 10359523, 10359811, 10360147, 10360483, 10360819, 10361107, 10361443, 10361779, 10362067, 10362403, 10362739, 10363027, 10363363, 10363699, 10364035, 10364323, 10364659, 10364995, 10365283, 10365619, 10365955, 10366243, 10366579, 10366867, 10367203, 10367539, 10367827, 10368163, 10368499, 10368787, 10369123, 10369411, 10369747, 10370083, 10370371, 10370707, 10370995, 10371331, 10371619, 10371955, 10372291, 10372579, 10372915, 10373203, 10373539, 10373827, 10374163, 10374451, 10374787, 10375075, 10375411, 10375699, 10376035, 10376323, 10376659, 10376947, 10377283, 10377571, 10377907, 10378195, 10378531, 10378819, 10379155, 10379443, 10379731, 10380067, 10380355, 10380691, 10380979, 10381315, 10381603, 10381891, 10382227, 10382515, 10382851, 10383139, 10383427, 10383763, 10384051, 10384387, 10384675, 10384963, 10385299, 10385587, 10385875, 10386211, 10386499, 10386787, 10387123, 10387411, 10387699, 10388035, 10388323, 10388611, 10388947, 10389235, 10389523, 10389811, 10390147, 10390435, 10390723, 10391011, 10391347, 10391635, 10391923, 10392211, 10392547, 10392835, 10393123, 10393411, 10393747, 10394035, 10394323, 10394611, 10394899, 10395235, 10395523, 10395811, 10396099, 10396387, 10396723, 10397011, 10397299, 10397587, 10397875, 10398163, 10398499, 10398787, 10399075, 10399363, 10399651, 10399939, 10400227, 10400515, 10400851, 10401139, 10401427, 10401715, 10402003, 10402291, 10402579, 10402867, 10403155, 10403443, 10403731, 10404019, 10404307, 10404595, 10404931, 10405219, 10405507, 10405795, 10406083, 10406371, 10406659, 10406947, 10407235, 10407523, 10407811, 10408099, 10408387, 10408675, 10408963, 10409251, 10409539, 10409779, 10410067, 10410355, 10410643, 10410931, 10411219, 10411507, 10411795, 10412083, 10412371, 10412659, 10412947, 10413235, 10413523, 10413763, 10414051, 10414339, 10414627, 10414915, 10415203, 10415491]"
0,16,Qwen/Qwen3-30B-A3B-Instruct-2507,10718,133,40129457097,41507996744,1378539647,1000000,30049475,10215834,"[10188451, 10188883, 10189315, 10189747, 10190179, 10190611, 10190995, 10191427, 10191859, 10192291, 10192723, 10193155, 10193587, 10194019, 10194403, 10194835, 10195267, 10195699, 10196131, 10196563, 10196947, 10197379, 10197811, 10198243, 10198675, 10199059, 10199491, 10199923, 10200355, 10200787, 10201171, 10201603, 10202035, 10202467, 10202899, 10203283, 10203715, 10204147, 10204531, 10204963, 10205395, 10205827, 10206211, 10206643, 10207075, 10207507, 10207891, 10208323, 10208755, 10209139, 10209571, 10210003, 10210387, 10210819, 10211251, 10211635, 10212067, 10212499, 10212883, 10213315, 10213747, 10214131, 10214563, 10214947, 10215379, 10215811, 10216195, 10216627, 10217011, 10217443, 10217875, 10218259, 10218691, 10219075, 10219507, 10219939, 10220323, 10220755, 10221139, 10221571, 10221955, 10222387, 10222771, 10223203, 10223587, 10224019, 10224403, 10224835, 10225219, 10225651, 10226035, 10226467, 10226851, 10227283, 10227667, 10228099, 10228483, 10228915, 10229299, 10229731, 10230115, 10230499, 10230931, 10231315, 10231747, 10232131, 10232563, 10232947, 10233331, 10233763, 10234147, 10234579, 10234963, 10235347, 10235779, 10236163, 10236547, 10236979, 10237363, 10237795, 10238179, 10238563, 10238995, 10239379, 10239763, 10240195, 10240579, 10240963, 10241395, 10241779, 10242163, 10242547]"
0,18,Qwen/Qwen3-30B-A3B-Instruct-2507,11001,82,43033707996,43896709634,863001638,1000000,27510515,10314705,"[10300435, 10300771, 10301155, 10301491, 10301875, 10302259, 10302595, 10302979, 10303315, 10303699, 10304035, 10304419, 10304755, 10305139, 10305475, 10305859, 10306195, 10306579, 10306915, 10307299, 10307635, 10308019, 10308355, 10308739, 10309075, 10309411, 10309795, 10310131, 10310515, 10310851, 10311235, 10311571, 10311907, 10312291, 10312627, 10313011, 10313347, 10313683, 10314067, 10314403, 10314787, 10315123, 10315459, 10315843, 10316179, 10316515, 10316899, 10317235, 10317571, 10317955, 10318291, 10318627, 10319011, 10319347, 10319683, 10320067, 10320403, 10320739, 10321123, 10321459, 10321795, 10322131, 10322515, 10322851, 10323187, 10323571, 10323907, 10324243, 10324579, 10324915, 10325299, 10325635, 10325971, 10326307, 10326691, 10327027, 10327363, 10327699, 10328035, 10328419, 10328755]"
1,1,Qwen/Qwen3-30B-A3B-Instruct-2507,1582,125,1082836204,2225080922,1142244718,0,54230551,8774307,"[7788150, 8786963, 8786963, 8786915, 8786915, 8786915, 8786867, 8786867, 8786819, 8786819, 8786771, 8786771, 8786723, 8786675, 8786675, 8786627, 8786579, 8786531, 8786483, 8786483, 8786435, 8786387, 8786339, 8786291, 8786243, 8786195, 8786147, 8786099, 8786051, 8785955, 8785907, 8785859, 8785811, 8785715, 8785667, 8785619, 8785523, 8785475, 8785427, 8785331, 8785283, 8785187, 8785091, 8785043, 8784947, 8784851, 8784803, 8784707, 8784611, 8784515, 8784467, 8784371, 8784275, 8784179, 8784083, 8783987, 8783891, 8783795, 8783699, 8783603, 8783507, 8783363, 8783267, 8783171, 8783075, 8782931, 8782835, 8782739, 8782595, 8782499, 8782355, 8782259, 8782115, 8782019, 8781875, 8781779, 8781635, 8781491, 8781395, 8781251, 8781107, 8780963, 8780867, 8780723, 8780579, 8780435, 8780291, 8780147, 8780003, 8779859, 8779715, 8779571, 8779379, 8779235, 8779091, 8778947, 8778803, 8778611, 8778467, 8778275, 8778131, 8777987, 8777795, 8777651, 8777459, 8777315, 8777123, 8776931, 8776787, 8776595, 8776403, 8776259, 8776067, 8775875, 8775683, 8775491, 8775299, 8775107, 8774915, 8774723, 8774531, 8774339, 8774147, 8773955]"
1,3,Qwen/Qwen3-30B-A3B-Instruct-2507,2330,154,3109591042,4498006079,1388415037,712319,24032194,8917534,"[8863859, 8864579, 8865347, 8866067, 8866835, 8867603, 8868323, 8869091, 8869811, 8870579, 8871299, 8872067, 8872787, 8873555, 8874275, 8874995, 8875763, 8876483, 8877203, 8877971, 8878691, 8879411, 8880179, 8880899, 8881619, 8882339, 8883059, 8883827, 8884547, 8885267, 8885987, 8886707, 8887427, 8888147, 8888867, 8889587, 8890307, 8891027, 8891747, 8892467, 8893187, 8893907, 8894627, 8895347, 8896067, 8896787, 8897459, 8898179, 8898899, 8899619, 8900291, 8901011, 8901731, 8902451, 8903123, 8903843, 8904563, 8905235, 8905955, 8906627, 8907347, 8908019, 8908739, 8909411, 8910131, 8910803, 8911523, 8912195, 8912915, 8913587, 8914259, 8914979, 8915651, 8916323, 8917043, 8917715, 8918387, 8919107, 8919779, 8920451, 8921123, 8921795, 8922467, 8923187, 8923859, 8924531, 8925203, 8925875, 8926547, 8927219, 8927891, 8928563, 8929235, 8929907, 8930579, 8931251, 8931923, 8932595, 8933219, 8933891, 8934563, 8935235, 8935907, 8936531, 8937203, 8937875, 8938547, 8939171, 8939843, 8940515, 8941139, 8941811, 8942435, 8943107, 8943779, 8944403, 8945075, 8945699, 8946371, 8946995, 8947667, 8948291, 8948915, 8949587, 8950211, 8950883, 8951507, 8952131, 8952755, 8953427, 8954051, 8954675, 8955299, 8955971, 8956595, 8957219, 8957843, 8958467, 8959091, 8959763, 8960387, 8961011, 8961635, 8962259, 8962883, 8963507, 8964131, 8964755, 8965379, 8966003, 8966579, 8967203, 8967827]"
1,5,Qwen/Qwen3-30B-A3B-Instruct-2507,6003,96,12033095457,13095812400,1062716943,54134943,108538754,10043980,"[10035107, 10035299, 10035491, 10035683, 10035875, 10036115, 10036307, 10036499, 10036691, 10036883, 10037123, 10037315, 10037507, 10037699, 10037891, 10038083, 10038275, 10038467, 10038659, 10038851, 10039091, 10039283, 10039475, 10039667, 10039859, 10040051, 10040243, 10040435, 10040627, 10040819, 10041011, 10041203, 10041347, 10041539, 10041731, 10041923, 10042115, 10042307, 10042499, 10042691, 10042883, 10043075, 10043219, 10043411, 10043603, 10043795, 10043987, 10044131, 10044323, 10044515, 10044707, 10044899, 10045043, 10045235, 10045427, 10045619, 10045763, 10045955, 10046147, 10046291, 10046483, 10046675, 10046819, 10047011, 10047203, 10047347, 10047539, 10047683, 10047875, 10048067, 10048211, 10048403, 10048547, 10048739, 10048883, 10049075, 10049219, 10049411, 10049555, 10049747, 10049891, 10050083, 10050227, 10050419, 10050563, 10050755, 10050899, 10051091, 10051235, 10051379, 10051571, 10051715, 10051859, 10052051, 10052195]"
1,7,Qwen/Qwen3-30B-A3B-Instruct-2507,6863,113,16865146563,18027795013,1162648450,103791,39510626,10028016,"[10039667, 10039475, 10039283, 10039091, 10038899, 10038707, 10038515, 10038323, 10038131, 10037939, 10037747, 10037555, 10037315, 10037123, 10036931, 10036739, 10036547, 10036355, 10036115, 10035923, 10035731, 10035539, 10035347, 10035107, 10034915, 10034723, 10034531, 10034291, 10034099, 10033907, 10033667, 10033475, 10033283, 10033043, 10032851, 10032659, 10032419, 10032227, 10032035, 10031795, 10031603, 10031363, 10031171, 10030931, 10030739, 10030547, 10030307, 10030115, 10029875, 10029683, 10029443, 10029251, 10029011, 10028819, 10028579, 10028387, 10028147, 10027907, 10027715, 10027475, 10027283, 10027043, 10026803, 10026611, 10026371, 10026179, 10025939, 10025699, 10025507, 10025267, 10025027, 10024787, 10024595, 10024355, 10024115, 10023923, 10023683, 10023443, 10023203, 10023011, 10022771, 10022531, 10022291, 10022051, 10021811, 10021619, 10021379, 10021139, 10020899, 10020659, 10020419, 10020179, 10019987, 10019747, 10019507, 10019267, 10019027, 10018787, 10018547, 10018307, 10018067, 10017827, 10017587, 10017347, 10017107, 10016867, 10016627, 10016387, 10016147, 10015907, 10015667, 10015427]"
1,9,Qwen/Qwen3-30B-A3B-Instruct-2507,7723,91,21710017259,22623141677,913124418,113521,42280308,9676045,"[9702899, 9702323, 9701747, 9701123, 9700547, 9699971, 9699347, 9698771, 9698195, 9697571, 9696995, 9696419, 9695795, 9695219, 9694595, 9694019, 9693395, 9692819, 9692243, 9691619, 9691043, 9690419, 9689843, 9689219, 9688643, 9688019, 9687443, 9686819, 9686195, 9685619, 9684995, 9684419, 9683795, 9683171, 9682595, 9681971, 9681395, 9680771, 9680147, 9679571, 9678947, 9678323, 9677747, 9677123, 9676499, 9675875, 9675299, 9674675, 9674051, 9673475, 9672851, 9672227, 9671603, 9670979, 9670403, 9669779, 9669155, 9668531, 9667907, 9667283, 9666707, 9666083, 9665459, 9664835, 9664211, 9663587, 9662963, 9662339, 9661715, 9661091, 9660467, 9659843, 9659219, 9658595, 9657971, 9657347, 9656723, 9656099, 9655475, 9654851, 9654227, 9653603, 9652979, 9652355, 9651731, 9651107, 9650483, 9649859, 9649187, 9648563]"
1,11,Qwen/Qwen3-30B-A3B-Instruct-2507,7930,47,23400975982,23862489972,461513990,49849,21969948,9555305,"[9570899, 9570179, 9569507, 9568835, 9568163, 9567443, 9566771, 9566099, 9565379, 9564707, 9563987, 9563315, 9562643, 9561923, 9561251, 9560531, 9559859, 9559187, 9558467, 9557795, 9557075, 9556403, 9555683, 9555011, 9554291, 9553619, 9552899, 9552227, 9551507, 9550835, 9550115, 9549395, 9548723, 9548003, 9547331, 9546611, 9545891, 9545219, 9544499, 9543779, 9543107, 9542387, 9541667, 9540995, 9540275, 9539555]"
1,13,Qwen/Qwen3-30B-A3B-Instruct-2507,8977,57,24603154026,25223263315,620109289,813598,53490417,10118194,"[10095539, 10096403, 10097219, 10098035, 10098851, 10099715, 10100531, 10101347, 10102163, 10102979, 10103843, 10104659, 10105475, 10106291, 10107107, 10107923, 10108787, 10109603, 10110419, 10111235, 10112051, 10112867, 10113731, 10114547, 10115363, 10116179, 10116995, 10117811, 10118627, 10119443, 10120259, 10121123, 10121939, 10122755, 10123571, 10124387, 10125203, 10126019, 10126835, 10127651, 10128467, 10129283, 10130099, 10130915, 10131731, 10132547, 10133363, 10134179, 10134995, 10135811, 10136627, 10137443, 10138259, 10139075, 10139891, 10140707]"
1,15,Qwen/Qwen3-30B-A3B-Instruct-2507,10595,489,34566141006,40129457097,5563316091,0,80100275,11236097,"[11134067, 11134499, 11134979, 11135411, 11135891, 11136323, 11136803, 11137235, 11137715, 11138147, 11138627, 11139059, 11139539, 11139971, 11140403, 11140883, 11141315, 11141795, 11142227, 11142707, 11143139, 11143571, 11144051, 11144483, 11144963, 11145395, 11145827, 11146307, 11146739, 11147219, 11147651, 11148083, 11148563, 11148995, 11149427, 11149907, 11150339, 11150771, 11151251, 11151683, 11152115, 11152595, 11153027, 11153459, 11153939, 11154371, 11154803, 11155235, 11155715, 11156147, 11156579, 11157011, 11157491, 11157923, 11158355, 11158787, 11159267, 11159699, 11160131, 11160563, 11161043, 11161475, 11161907, 11162339, 11162771, 11163251, 11163683, 11164115, 11164547, 11164979, 11165459, 11165891, 11166323, 11166755, 11167187, 11167619, 11168099, 11168531, 11168963, 11169395, 11169827, 11170259, 11170691, 11171123, 11171603, 11172035, 11172467, 11172899, 11173331, 11173763, 11174195, 11174627, 11175059, 11175491, 11175923, 11176355, 11176787, 11177267, 11177699, 11178131, 11178563, 11178995, 11179427, 11179859, 11180291, 11180723, 11181155, 11181587, 11182019, 11182451, 11182883, 11183315, 11183747, 11184179, 11184611, 11185043, 11185427, 11185859, 11186291, 11186723, 11187155, 11187587, 11188019, 11188451, 11188883, 11189315, 11189747, 11190179, 11190611, 11190995, 11191427, 11191859, 11192291, 11192723, 11193155, 11193587, 11194019, 11194403, 11194835, 11195267, 11195699, 11196131, 11196563, 11196947, 11197379, 11197811, 11198243, 11198675, 11199059, 11199491, 11199923, 11200355, 11200787, 11201171, 11201603, 11202035, 11202467, 11202899, 11203283, 11203715, 11204147, 11204531, 11204963, 11205395, 11205827, 11206211, 11206643, 11207075, 11207507, 11207891, 11208323, 11208755, 11209139, 11209571, 11210003, 11210387, 11210819, 11211251, 11211635, 11212067, 11212499, 11212883, 11213315, 11213747, 11214131, 11214563, 11214947, 11215379, 11215811, 11216195, 11216627, 11217011, 11217443, 11217875, 11218259, 11218691, 11219075, 11219507, 11219939, 11220323, 11220755, 11221139, 11221571, 11221955, 11222387, 11222771, 11223203, 11223587, 11224019, 11224403, 11224835, 11225219, 11225651, 11226035, 11226467, 11226851, 11227283, 11227667, 11228099, 11228483, 11228915, 11229299, 11229731, 11230115, 11230499, 11230931, 11231315, 11231747, 11232131, 11232563, 11232947, 11233331, 11233763, 11234147, 11234579, 11234963, 11235347, 11235779, 11236163, 11236547, 11236979, 11237363, 11237795, 11238179, 11238563, 11238995, 11239379, 11239763, 11240195, 11240579, 11240963, 11241395, 11241779, 11242163, 11242547, 11242979, 11243363, 11243747, 11244179, 11244563, 11244947, 11245331, 11245763, 11246147, 11246531, 11246915, 11247347, 11247731, 11248115, 11248499, 11248883, 11249315, 11249699, 11250083, 11250467, 11250899, 11251283, 11251667, 11252051, 11252435, 11252819, 11253251, 11253635, 11254019, 11254403, 11254787, 11255171, 11255555, 11255987, 11256371, 11256755, 11257139, 11257523, 11257907, 11258291, 11258675, 11259059, 11259491, 11259875, 11260259, 11260643, 11261027, 11261411, 11261795, 11262179, 11262563, 11262947, 11263331, 11263715, 11264099, 11264483, 11264867, 11265251, 11265635, 11266019, 11266403, 11266787, 11267171, 11267555, 11267939, 11268323, 11268707, 11269091, 11269475, 11269859, 11270243, 11270627, 11271011, 11271395, 11271779, 11272163, 11272547, 11272931, 11273315, 11273699, 11274035, 11274419, 11274803, 11275187, 11275571, 11275955, 11276339, 11276723, 11277107, 11277443, 11277827, 11278211, 11278595, 11278979, 11279363, 11279747, 11280083, 11280467, 11280851, 11281235, 11281619, 11281955, 11282339, 11282723, 11283107, 11283491, 11283827, 11284211, 11284595, 11284979, 11285315, 11285699, 11286083, 11286467, 11286851, 11287187, 11287571, 11287955, 11288291, 11288675, 11289059, 11289443, 11289779, 11290163, 11290547, 11290883, 11291267, 11291651, 11291987, 11292371, 11292755, 11293091, 11293475, 11293859, 11294195, 11294579, 11294963, 11295299, 11295683, 11296067, 11296403, 11296787, 11297123, 11297507, 11297891, 11298227, 11298611, 11298947, 11299331, 11299715, 11300051, 11300435, 11300771, 11301155, 11301491, 11301875, 11302259, 11302595, 11302979, 11303315, 11303699, 11304035, 11304419, 11304755, 11305139, 11305475, 11305859, 11306195, 11306579, 11306915, 11307299, 11307635, 11308019, 11308355, 11308739, 11309075, 11309411, 11309795, 11310131, 11310515, 11310851, 11311235, 11311571, 11311907, 11312291, 11312627, 11313011, 11313347, 11313683, 11314067, 11314403, 11314787, 11315123, 11315459, 11315843, 11316179, 11316515, 11316899, 11317235, 11317571, 11317955, 11318291, 11318627, 11319011, 11319347, 11319683, 11320067, 11320403, 11320739, 11321123, 11321459, 11321795, 11322131, 11322515, 11322851, 11323187, 11323571, 11323907, 11324243, 11324579, 11324915, 11325299, 11325635, 11325971, 11326307, 11326691, 11327027, 11327363, 11327699, 11328035, 11328419, 11328755, 11329091]"
1,17,Qwen/Qwen3-30B-A3B-Instruct-2507,10878,124,41614989838,43033707996,1418718158,6906,31608317,11277315,"[11254019, 11254403, 11254787, 11255171, 11255555, 11255987, 11256371, 11256755, 11257139, 11257523, 11257907, 11258291, 11258675, 11259059, 11259491, 11259875, 11260259, 11260643, 11261027, 11261411, 11261795, 11262179, 11262563, 11262947, 11263331, 11263715, 11264099, 11264483, 11264867, 11265251, 11265635, 11266019, 11266403, 11266787, 11267171, 11267555, 11267939, 11268323, 11268707, 11269091, 11269475, 11269859, 11270243, 11270627, 11271011, 11271395, 11271779, 11272163, 11272547, 11272931, 11273315, 11273699, 11274035, 11274419, 11274803, 11275187, 11275571, 11275955, 11276339, 11276723, 11277107, 11277443, 11277827, 11278211, 11278595, 11278979, 11279363, 11279747, 11280083, 11280467, 11280851, 11281235, 11281619, 11281955, 11282339, 11282723, 11283107, 11283491, 11283827, 11284211, 11284595, 11284979, 11285315, 11285699, 11286083, 11286467, 11286851, 11287187, 11287571, 11287955, 11288291, 11288675, 11289059, 11289443, 11289779, 11290163, 11290547, 11290883, 11291267, 11291651, 11291987, 11292371, 11292755, 11293091, 11293475, 11293859, 11294195, 11294579, 11294963, 11295299, 11295683, 11296067, 11296403, 11296787, 11297123, 11297507, 11297891, 11298227, 11298611, 11298947, 11299331, 11299715, 11300051]"
1,19,Qwen/Qwen3-30B-A3B-Instruct-2507,11110,78,44008407301,44912959212,904551911,302333,30503632,11351276,"[11338643, 11338979, 11339315, 11339651, 11339987, 11340323, 11340659, 11340995, 11341331, 11341667, 11342003, 11342339, 11342675, 11343011, 11343347, 11343683, 11344019, 11344355, 11344691, 11345027, 11345363, 11345699, 11346035, 11346371, 11346707, 11347043, 11347379, 11347715, 11348051, 11348339, 11348675, 11349011, 11349347, 11349683, 11350019, 11350355, 11350691, 11351027, 11351315, 11351651, 11351987, 11352323, 11352659, 11352995, 11353331, 11353619, 11353955, 11354291, 11354627, 11354963, 11355251, 11355587, 11355923, 11356259, 11356595, 11356883, 11357219, 11357555, 11357891, 11358227, 11358515, 11358851, 11359187, 11359523, 11359811, 11360147, 11360483, 11360819, 11361107, 11361443, 11361779, 11362067, 11362403, 11362739, 11363027, 11363363, 11363699]"
